Time,Open,High,Low,Last,Change,%Change,Volume
2025-10-24,4291.53,4294.22,4218.73,4218.73,-72.3,-1.68%,764
2025-10-23,4256.12,4337.43,4222.24,4291.03,34.53,+0.81%,1714
2025-10-22,4283.1,4317.5,4200.01,4256.5,-28.05,-0.65%,1679
2025-10-21,4610.87,4621.52,4239.65,4284.55,-325.71,-7.06%,1696
2025-10-20,4565,4626.4,4528.76,4610.26,45.02,+0.99%,1654
2025-10-17,4764.11,4783.48,4491.71,4565.24,-198.44,-4.17%,1660
2025-10-16,4660.39,4763.69,4630.9,4763.68,103.87,+2.23%,1667
2025-10-15,4575.01,4682.22,4572.82,4659.81,85,+1.86%,1735
2025-10-14,4638.27,4744.51,4491.82,4574.81,-62.58,-1.35%,1721
2025-10-13,4452.75,4637.39,4452.75,4637.39,185.68,+4.17%,1685
2025-10-10,4376.48,4527.66,4357.52,4451.71,74.4,+1.70%,1642
2025-10-09,4335.46,4521.38,4322.8,4377.31,42.31,+0.98%,1695
2025-10-08,4243.32,4392.01,4243.32,4335,91.83,+2.16%,1720
2025-10-07,4306.15,4312.46,4220.3,4243.17,-63.11,-1.47%,1748
2025-10-06,4258.45,4324.17,4258.45,4306.28,47.59,+1.12%,1804
2025-10-03,4166.91,4285.32,4146.87,4258.69,91.69,+2.20%,1807
2025-10-02,4193.52,4253.54,4095.17,4167,-26.08,-0.62%,1821
2025-10-01,4146,4232.18,4144.25,4193.08,47.06,+1.14%,1771
2025-09-30,4160.58,4183.74,4080.24,4146.02,-14.38,-0.35%,1728
2025-09-29,4087.2,4179.58,4087.2,4160.4,73.91,+1.81%,1732
2025-09-26,4011.54,4127.33,3964.38,4086.49,74.72,+1.86%,1780
2025-09-25,3899.37,4012.56,3890.72,4011.77,112.44,+2.88%,1854
2025-09-24,3910.21,3926.69,3880.89,3899.33,-10.73,-0.27%,1811
2025-09-23,3891.03,3940.88,3860.05,3910.06,18.73,+0.48%,1851
2025-09-22,3793.2,3894.4,3793.2,3891.33,98.25,+2.59%,1881
2025-09-19,3688.88,3793.08,3676.11,3793.08,104.18,+2.82%,1920
2025-09-18,3662.31,3694.57,3637.92,3688.9,26.31,+0.72%,1943
2025-09-17,3742.49,3746.68,3627.55,3662.59,-80.04,-2.14%,1920
2025-09-16,3764.66,3777.44,3730.53,3742.63,-22.29,-0.59%,1980
2025-09-15,3721.26,3766.02,3712.53,3764.92,44.15,+1.19%,2020
2025-09-12,3668.19,3740.04,3658.19,3720.77,52.37,+1.43%,1969
2025-09-11,3624.1,3683.12,3615.25,3668.4,44.33,+1.22%,1984
2025-09-10,3609.14,3635.37,3598.65,3624.07,14.67,+0.41%,2048
2025-09-09,3635.75,3650.08,3603.45,3609.4,-26.43,-0.73%,1965
2025-09-08,3613.27,3656.66,3577.33,3635.83,22.1,+0.61%,1920
2025-09-05,3587.04,3639.89,3580.11,3613.73,26.37,+0.74%,1944
2025-09-04,3628.48,3628.48,3572.6,3587.36,-41.34,-1.14%,1937
2025-09-03,3599.22,3644.09,3580.2,3628.7,28.65,+0.80%,1930
2025-09-02,3585.31,3601.03,3550.9,3600.05,14.32,+0.40%,1912
2025-09-01,3501.03,3593.21,3494.3,3585.73,84.85,+2.42%,1706
2025-08-29,3421.92,3520.51,3404.97,3500.88,78.69,+2.30%,1964
2025-08-28,3382.09,3423.91,3382.09,3422.19,40.27,+1.19%,2040
2025-08-27,3383.61,3390.62,3350.9,3381.92,-1.54,-0.05%,2078
2025-08-26,3377.96,3407.56,3364.08,3383.46,5.59,+0.17%,2025
2025-08-25,3398.35,3407.16,3377.07,3377.87,-20.19,-0.59%,2095
2025-08-22,3328.62,3407.46,3311.77,3398.06,69.49,+2.09%,2054
2025-08-21,3298.15,3332.61,3277.86,3328.57,30.55,+0.93%,2097
2025-08-20,3255.06,3300.74,3219.39,3298.02,43.05,+1.32%,2019
2025-08-19,3320.44,3326.59,3246.43,3254.97,-65.4,-1.97%,2043
2025-08-18,3325.44,3339.13,3313.32,3320.37,-4.98,-0.15%,2046
2025-08-15,3333.5,3336.86,3302.3,3325.35,-8.11,-0.24%,2071
2025-08-14,3367.86,3386.61,3326.19,3333.46,-34.22,-1.02%,2020
2025-08-13,3321.83,3379.21,3316.95,3367.68,45.99,+1.38%,2095
2025-08-12,3298.94,3325.22,3295.29,3321.69,22.59,+0.68%,2050
2025-08-11,3353.83,3354.64,3299.1,3299.1,-59.84,-1.78%,1930
2025-08-08,3345.96,3372.65,3330.29,3358.94,12.54,+0.37%,1911
2025-08-07,3318.89,3362.71,3318.89,3346.4,27.7,+0.83%,1968
2025-08-06,3318.65,3327.33,3307.41,3318.7,0.13,0.00%,2068
2025-08-05,3288.39,3324.89,3277.29,3318.57,29.55,+0.90%,2050
2025-08-04,3231.1,3289.08,3203.64,3289.02,61.4,+1.90%,1969
2025-08-01,3212.89,3233.44,3182.9,3227.62,14.64,+0.46%,1904
2025-07-31,3255.22,3264.37,3180.83,3212.98,-42.03,-1.29%,1885
2025-07-30,3325.5,3333.88,3233.38,3255.01,-70.24,-2.11%,1948
2025-07-29,3310.83,3326.35,3303.19,3325.25,14.2,+0.43%,2037
2025-07-28,3302.02,3315.06,3295.87,3311.05,8.09,+0.24%,2003
2025-07-25,3374.98,3387.1,3294.84,3302.96,-72.11,-2.14%,1967
2025-07-24,3391.95,3397.29,3356.33,3375.07,-16.85,-0.50%,1937
2025-07-23,3393.18,3411.29,3380.19,3391.92,-1.04,-0.03%,1925
2025-07-22,3358.53,3393.14,3341.5,3392.96,34.36,+1.02%,2018
2025-07-21,3289.73,3368.25,3284.4,3358.6,68.39,+2.08%,2015
2025-07-18,3280.42,3309.1,3277.25,3290.21,9.85,+0.30%,1980
2025-07-17,3256.07,3283.16,3243.28,3280.36,24.36,+0.75%,1985
2025-07-16,3242.45,3270.96,3234.4,3256,13.65,+0.42%,1984
2025-07-15,3279.21,3292.44,3238.44,3242.35,-36.94,-1.13%,1978
2025-07-14,3297.81,3363.32,3279.29,3279.29,-18.92,-0.57%,1859
2025-07-11,3172.81,3306.62,3171.16,3298.21,125.71,+3.96%,1920
2025-07-10,3118.91,3180.24,3117.14,3172.5,53.51,+1.72%,1982
2025-07-09,3149.13,3149.82,3113.05,3118.99,-29.83,-0.95%,1629
2025-07-08,3158.71,3161.44,3121.47,3148.82,-9.69,-0.31%,1969
2025-07-07,3157.13,3179.58,3111.64,3158.51,0.89,+0.03%,1877
2025-07-04,3147.6,3157.81,3132.25,3157.62,10.14,+0.32%,1671
2025-07-03,3129.87,3160.83,3114.55,3147.48,17.55,+0.56%,1992
2025-07-02,3084.4,3132.24,3082.04,3129.93,45.66,+1.48%,2032
2025-07-01,3093.51,3125.84,3070.22,3084.27,-9.12,-0.29%,1962
2025-06-30,3076.1,3098.39,3049.42,3093.39,16.14,+0.52%,1971
2025-06-27,3139.96,3141.82,3068.71,3077.25,-62.71,-2.00%,1839
2025-06-26,3119.53,3145.78,3112.9,3139.96,20.39,+0.65%,1960
2025-06-25,3087.26,3122.25,3074.43,3119.57,32.38,+1.05%,2029
2025-06-24,3119.71,3120.78,3048.17,3087.19,-32.05,-1.03%,1828
2025-06-23,3118.72,3144.6,3112.01,3119.24,1.07,+0.03%,1850
2025-06-20,3156.94,3158.83,3082.28,3118.17,-38.51,-1.22%,1944
2025-06-19,3177.75,3183.23,3146.11,3156.68,-21.2,-0.67%,1709
2025-06-18,3211.15,3223.22,3168.48,3177.88,-33.5,-1.04%,1934
2025-06-17,3123.52,3214.24,3112.93,3211.38,87.48,+2.80%,1867
2025-06-16,3123.51,3139.8,3113.69,3123.9,-0.04,0.00%,1728
2025-06-13,3110.66,3146.89,3102.4,3123.94,13.3,+0.43%,1837
2025-06-12,3098.23,3114.61,3057.11,3110.64,12.44,+0.40%,1919
2025-06-11,3126.17,3134.42,3084.77,3098.2,-27.87,-0.89%,1879
2025-06-10,3148.61,3157.16,3114.65,3126.07,-22.49,-0.71%,1901
2025-06-09,3086.78,3157.84,3081.69,3148.56,61.9,+2.01%,1864
2025-06-06,3062.04,3107.76,3061.86,3086.66,24.35,+0.80%,1870
2025-06-05,2965.1,3081.83,2957.79,3062.31,97.06,+3.27%,1887
2025-06-04,2959.7,2967.25,2944.03,2965.25,5.64,+0.19%,1984
2025-06-03,2966.49,2966.49,2909.48,2959.61,-7.04,-0.24%,1954
2025-06-02,2820.9,2969.39,2820.83,2966.65,144.1,+5.11%,1886
2025-05-30,2844.33,2846.49,2811.27,2822.55,-21.56,-0.76%,1962
2025-05-29,2815.61,2858.57,2801.29,2844.11,28.49,+1.01%,1901
2025-05-28,2839.68,2851.79,2814.77,2815.62,-24.12,-0.85%,1995
2025-05-27,2848.66,2850.58,2804.32,2839.74,-8.79,-0.31%,1909
2025-05-26,2852.99,2856.36,2835.79,2848.53,-1.67,-0.06%,1790
2025-05-23,2841.59,2855.82,2819.93,2850.2,8.82,+0.31%,1890
2025-05-22,2861.31,2885.95,2812.09,2841.38,-19.79,-0.69%,1888
2025-05-21,2831.71,2871.68,2820.65,2861.17,29.47,+1.04%,1925
2025-05-20,2762.11,2833.72,2747.86,2831.7,69.53,+2.52%,1954
2025-05-19,2759.53,2785.16,2759.53,2762.17,-0.59,-0.02%,1934
2025-05-16,2788.49,2792.31,2735.02,2762.76,-25.37,-0.91%,1915
2025-05-15,2755.06,2788.13,2715.77,2788.13,32.93,+1.20%,1840
2025-05-14,2799.98,2808.09,2743.99,2755.2,-44.93,-1.60%,1889
2025-05-13,2769.01,2829.22,2765.36,2800.13,31.07,+1.12%,1873
2025-05-12,2795.72,2795.72,2717.96,2769.06,-26.78,-0.96%,1793
2025-05-09,2791.21,2803,2775.27,2795.84,3.75,+0.13%,1884
2025-05-08,2752,2796.91,2745.58,2792.09,39.75,+1.44%,1820
2025-05-07,2816.55,2816.79,2741.19,2752.34,-64.09,-2.28%,1786
2025-05-06,2734.84,2816.57,2733.72,2816.43,82.04,+3.00%,1842
2025-05-05,2705.74,2744.49,2688.05,2734.39,23.13,+0.85%,1895
2025-05-02,2744.77,2756.49,2705.32,2711.26,-33.33,-1.21%,1854
2025-05-01,2757.69,2760.67,2690.58,2744.59,-12.98,-0.47%,1819
2025-04-30,2804.17,2818.6,2724.9,2757.57,-46.66,-1.66%,1825
2025-04-29,2829.3,2846.49,2798.83,2804.23,-25.44,-0.90%,1842
2025-04-28,2826.59,2829.99,2794.65,2829.67,4.66,+0.16%,1081
2025-04-25,2862.7,2869.87,2808.27,2825.01,-37.27,-1.30%,1859
2025-04-24,2870.56,2877.17,2838.32,2862.28,-8.53,-0.30%,1851
2025-04-23,2768.52,2876.39,2754.03,2870.81,101.45,+3.66%,1706
2025-04-22,2777.54,2811.74,2756.94,2769.36,0.17,+0.01%,1360
2025-04-21,2769.19,2769.19,2769.19,2769.19,0,0.00%,0
2025-04-18,2769.19,2769.19,2769.19,2769.19,0,0.00%,0
2025-04-17,2804.91,2818.31,2747.84,2769.19,-35.59,-1.27%,1664
2025-04-16,2770.47,2829.47,2767.39,2804.78,34.06,+1.23%,1762
2025-04-15,2783.41,2784.56,2756.36,2770.72,-12.58,-0.45%,1890
2025-04-14,2780.03,2783.3,2738.11,2783.3,9.5,+0.34%,1755
2025-04-11,2694.29,2776.18,2678.92,2773.8,79.33,+2.94%,1659
2025-04-10,2670.53,2696.78,2653.53,2694.47,23.94,+0.90%,1671
2025-04-09,2575.47,2670.53,2546.71,2670.53,95.07,+3.69%,1612
2025-04-08,2587.86,2624.43,2566.74,2575.46,-12.43,-0.48%,1695
2025-04-07,2531.03,2634.98,2446.89,2587.89,55.96,+2.21%,1549
2025-04-04,2714.87,2725.08,2514.02,2531.93,-182.9,-6.74%,1636
2025-04-03,2907.12,2907.12,2708.07,2714.83,-195.27,-6.71%,1640
2025-04-02,2883.12,2911.04,2879.31,2910.1,27.12,+0.94%,1887
2025-04-01,2911.7,2922.59,2874.2,2882.98,-28.59,-0.98%,1875
2025-03-31,2918.31,2940.96,2879.68,2911.57,-7.24,-0.25%,1695
2025-03-28,2947.29,2953.8,2906.23,2918.81,-28.21,-0.96%,1863
2025-03-27,2883.08,2950.62,2883.08,2947.02,65.08,+2.26%,1898
2025-03-26,2885.91,2901.38,2874.34,2881.94,-3.8,-0.13%,1996
2025-03-25,2825.13,2889.63,2816.78,2885.74,61.46,+2.18%,2029
2025-03-24,2840.73,2852.69,2817.12,2824.28,-16.24,-0.57%,1989
2025-03-21,2899.37,2899.37,2824.47,2840.52,-58.76,-2.03%,1936
2025-03-20,2918.76,2927.13,2865.66,2899.28,-18.6,-0.64%,1873
2025-03-19,2944.73,2949.99,2893.02,2917.88,-26.75,-0.91%,1914
2025-03-18,2934.61,2960.8,2934.53,2944.63,10.75,+0.37%,1937
2025-03-17,2937.23,2944.61,2908.96,2933.88,-2.22,-0.08%,1915
2025-03-14,2945.5,2958.26,2920.28,2936.1,-8.45,-0.29%,1861
2025-03-13,2894.92,2946.09,2870.2,2944.55,50.33,+1.74%,1907
2025-03-12,2871.2,2902.14,2855.85,2894.22,23.24,+0.81%,1945
2025-03-11,2804.18,2871.26,2785.86,2870.98,67.64,+2.41%,1895
2025-03-10,2834.4,2845.47,2793.94,2803.34,-31.54,-1.11%,1854
2025-03-07,2844.12,2847.76,2806.89,2834.88,-9.24,-0.32%,1904
2025-03-06,2834.76,2849.47,2815.46,2844.12,9.79,+0.35%,1854
2025-03-05,2787.96,2838.74,2776.74,2834.33,46.62,+1.67%,1859
2025-03-04,2767.6,2789.41,2753.56,2787.71,19.79,+0.71%,1880
2025-03-03,2724.91,2773.77,2723.23,2767.92,42.8,+1.57%,1848
2025-02-28,2730.65,2738.84,2700.41,2725.12,-5.56,-0.20%,1878
2025-02-27,2778.25,2781.51,2725.77,2730.68,-47.61,-1.71%,1843
2025-02-26,2764.66,2782.55,2753.32,2778.29,13.71,+0.50%,1950
2025-02-25,2803.56,2818.2,2736.03,2764.58,-38.81,-1.38%,1844
2025-02-24,2812.24,2833.59,2787.59,2803.39,-16.45,-0.58%,1931
2025-02-21,2849.18,2858.79,2816.9,2819.84,-28.83,-1.01%,1865
2025-02-20,2842.93,2875.58,2837.4,2848.67,5.84,+0.21%,1937
2025-02-19,2857.81,2872.54,2830.88,2842.83,-14.94,-0.52%,1930
2025-02-18,2814.46,2857.78,2791.47,2857.77,43.35,+1.54%,1914
2025-02-17,2784.48,2821.16,2774.84,2814.42,28.42,+1.02%,1735
2025-02-14,2802.44,2892.99,2786,2786,-16.08,-0.57%,1794
2025-02-13,2802.96,2812.07,2786.46,2802.08,-1.02,-0.04%,1870
2025-02-12,2761.95,2807.43,2752.66,2803.1,41.29,+1.50%,1845
2025-02-11,2803.71,2817.13,2722.01,2761.81,-42.05,-1.50%,1868
2025-02-10,2788.91,2826.73,2783.02,2803.86,9.77,+0.35%,1940
2025-02-07,2822.31,2851.76,2791.55,2794.09,-28.27,-1.00%,1944
2025-02-06,2821.85,2831.08,2793.82,2822.36,0.59,+0.02%,1845
2025-02-05,2799.29,2842.84,2789.87,2821.77,22.67,+0.81%,1837
2025-02-04,2743.05,2816.57,2736.03,2799.1,56.61,+2.06%,1913
2025-02-03,2716.35,2749.59,2675.12,2742.49,27.09,+1.00%,1726
2025-01-31,2739.46,2743.93,2704.43,2715.4,-24.96,-0.91%,1787
2025-01-30,2670.44,2743.6,2668.89,2740.36,70.18,+2.63%,1945
2025-01-29,2633.5,2676.2,2622.94,2670.18,36.8,+1.40%,1914
2025-01-28,2609.6,2638.39,2589.04,2633.38,24.09,+0.92%,1906
2025-01-27,2642.44,2642.44,2579.46,2609.29,-29.62,-1.12%,1790
2025-01-24,2631.87,2673.25,2631.61,2638.91,7.03,+0.27%,1918
2025-01-23,2665.38,2670.18,2606.78,2631.88,-33.5,-1.26%,1922
2025-01-22,2665.8,2677.1,2648.75,2665.38,-0.57,-0.02%,1946
2025-01-21,2635.52,2665.95,2622.25,2665.95,30.16,+1.14%,1880
2025-01-20,2627.33,2638.85,2608.7,2635.79,8.34,+0.32%,1726
2025-01-17,2668.84,2668.85,2613.25,2627.45,-41.38,-1.55%,1929
2025-01-16,2648.52,2679.63,2644.71,2668.83,19.76,+0.75%,1876
2025-01-15,2587.41,2656.64,2577.14,2649.07,61.66,+2.38%,1943
2025-01-14,2567.07,2590.9,2561.47,2587.41,20.82,+0.81%,1920
2025-01-13,2620.88,2626.8,2563.34,2566.59,-54.3,-2.07%,1837
2025-01-10,2587.33,2630.14,2585.6,2620.89,33.73,+1.30%,1881
2025-01-09,2586.11,2613.26,2582.55,2587.16,0.81,+0.03%,1920
2025-01-08,2577.22,2600.87,2570.68,2586.35,9.15,+0.36%,1843
2025-01-07,2567.72,2600.28,2562.17,2577.2,8.98,+0.35%,1920
2025-01-06,2541.02,2594.53,2529.15,2568.22,27.3,+1.07%,1854
2025-01-03,2536.7,2561.02,2532.39,2540.92,4.17,+0.16%,1948
2025-01-02,2477.01,2538.67,2477.01,2536.75,60.3,+2.43%,1901
2024-12-31,2475.23,2521.44,2465.82,2476.45,1.33,+0.05%,2087
2024-12-30,2509.04,2522.83,2466.25,2475.12,-33.37,-1.33%,1913
2024-12-27,2542.22,2559.81,2505.9,2508.49,-32.8,-1.29%,1931
2024-12-26,2526.83,2544.98,2516.75,2541.29,15.25,+0.60%,1979
2024-12-24,2523.84,2535.84,2512.39,2526.04,2.42,+0.10%,1663
2024-12-23,2506.7,2540.26,2506.7,2523.62,17.85,+0.71%,1923
2024-12-20,2472.55,2520.72,2450.39,2505.77,32.99,+1.33%,1872
2024-12-19,2498.14,2520.62,2452,2472.78,-25.75,-1.03%,1802
2024-12-18,2592.29,2598.6,2498.41,2498.53,-93.98,-3.63%,1903
2024-12-17,2591.39,2595.72,2566.11,2592.51,1.3,+0.05%,1968
2024-12-16,2592.35,2606.7,2587.74,2591.21,-1.3,-0.05%,1962
2024-12-13,2628.7,2636.99,2576.96,2592.51,-36.32,-1.38%,1879
2024-12-12,2705.9,2738.49,2626.82,2628.83,-76.81,-2.84%,1847
2024-12-11,2708.2,2725.62,2681.47,2705.64,-2.44,-0.09%,1836
2024-12-10,2700.19,2721.06,2693.06,2708.08,7.9,+0.29%,1900
2024-12-09,2623.05,2736.09,2618.82,2700.18,77.38,+2.95%,1837
2024-12-06,2653.31,2659.28,2621.81,2622.8,-30.5,-1.15%,1871
2024-12-05,2650.57,2658.96,2630.79,2653.3,2.16,+0.08%,1879
2024-12-04,2626.8,2661.02,2589.78,2651.14,24.26,+0.92%,1880
2024-12-03,2584.65,2630.15,2584.51,2626.88,42.66,+1.65%,1917
2024-12-02,2590.38,2595.17,2549.22,2584.22,-3.04,-0.12%,1847
2024-11-29,2554.05,2608.85,2551.77,2587.26,33.23,+1.30%,1746
2024-11-28,2540.25,2557.98,2512.26,2554.03,13.98,+0.55%,1745
2024-11-27,2567.45,2590.56,2535.18,2540.05,-27.36,-1.07%,1894
2024-11-26,2554.16,2582.31,2538.77,2567.41,13.21,+0.52%,1839
2024-11-25,2646.74,2651.86,2538.91,2554.2,-90.1,-3.41%,1775
2024-11-22,2601.58,2649.59,2598.85,2644.3,42.78,+1.64%,1813
2024-11-21,2602.75,2642.89,2594.3,2601.52,-0.74,-0.03%,1839
2024-11-20,2635.18,2641.49,2599.31,2602.26,-32.8,-1.24%,1894
2024-11-19,2630.37,2654.75,2626.1,2635.06,4.61,+0.18%,1887
2024-11-18,2556.3,2636.04,2556.3,2630.45,77.12,+3.02%,1907
2024-11-15,2572.85,2596.69,2551.47,2553.33,-19.74,-0.77%,1739
2024-11-14,2560.44,2587.54,2511.15,2573.07,12.37,+0.48%,1694
2024-11-13,2592.33,2617.36,2559.94,2560.7,-31.83,-1.23%,1825
2024-11-12,2591.15,2598.82,2553.75,2592.53,1.02,+0.04%,1793
2024-11-11,2641.91,2655.81,2571.13,2591.51,-49.93,-1.89%,1820
2024-11-08,2699.44,2701.46,2635.22,2641.44,-57.83,-2.14%,1804
2024-11-07,2628.24,2703.87,2608.86,2699.27,70.62,+2.69%,1737
2024-11-06,2747.11,2750.68,2610.2,2628.65,-118.35,-4.31%,1677
2024-11-05,2731.63,2762.55,2722.93,2747,15.47,+0.57%,1644
2024-11-04,2730.44,2762.32,2721.69,2731.53,3.83,+0.14%,1807
2024-11-01,2746.52,2776.68,2721.96,2727.7,-19.08,-0.69%,1884
2024-10-31,2839.62,2847.59,2739.56,2746.78,-92.83,-3.27%,1852
2024-10-30,2895.75,2901.68,2828.62,2839.61,-56.25,-1.94%,1845
2024-10-29,2831.63,2896.23,2829.34,2895.86,64.37,+2.27%,1820
2024-10-28,2835.57,2846.21,2797.55,2831.49,-0.31,-0.01%,1832
2024-10-25,2831.18,2855.71,2785.33,2831.8,0.69,+0.02%,1819
2024-10-24,2832.94,2881.46,2805.68,2831.11,-2.13,-0.08%,1838
2024-10-23,2929.87,2930.11,2819.91,2833.24,-96.55,-3.30%,1846
2024-10-22,2840.82,2929.96,2840.82,2929.79,88.78,+3.12%,1851
2024-10-21,2833.86,2875.41,2825.31,2841.01,5.63,+0.20%,1735
2024-10-18,2663.83,2835.84,2660.25,2835.38,171.5,+6.44%,1813
2024-10-17,2662.56,2682.87,2642.29,2663.88,1.53,+0.06%,1854
2024-10-16,2647.24,2694.65,2644.09,2662.35,15,+0.57%,1900
2024-10-15,2623.82,2656.93,2596.73,2647.35,23.42,+0.89%,1844
2024-10-14,2653.4,2653.4,2604.87,2623.93,-28.32,-1.07%,1856
2024-10-11,2615.43,2657.94,2611.22,2652.25,36.69,+1.40%,1885
2024-10-10,2560.62,2615.74,2556.3,2615.56,55.03,+2.15%,1839
2024-10-09,2574.19,2581.93,2546.54,2560.53,-13.8,-0.54%,1835
2024-10-08,2661.47,2662.5,2541.54,2574.33,-87.44,-3.29%,1773
2024-10-07,2705.53,2714.63,2649.09,2661.77,-43.54,-1.61%,1856
2024-10-04,2690.37,2738.69,2668.43,2705.31,15.03,+0.56%,1861
2024-10-03,2671.66,2702.61,2641.91,2690.28,17.77,+0.66%,1821
2024-10-02,2635.15,2704.88,2609.02,2672.51,37.49,+1.42%,1846
2024-10-01,2611.38,2662.14,2609.38,2635.02,23.6,+0.90%,1864
2024-09-30,2647.81,2664.08,2597.41,2611.42,-37.88,-1.43%,1771
2024-09-27,2678.12,2694.77,2635.28,2649.3,-28.9,-1.08%,1785
2024-09-26,2660.42,2729.34,2660.42,2678.2,17.8,+0.67%,1832
2024-09-25,2686.22,2689.41,2648.67,2660.4,-25.99,-0.97%,1830
2024-09-24,2563.4,2695.61,2562.15,2686.39,123.16,+4.80%,1819
2024-09-23,2600.14,2601.94,2540.63,2563.23,-37.32,-1.44%,1619
2024-09-20,2574.83,2622.61,2572.52,2600.55,25.51,+0.99%,1827
2024-09-19,2515.86,2612.82,2509.62,2575.04,59.66,+2.37%,1762
2024-09-18,2571.81,2591.5,2502.19,2515.38,-56.46,-2.20%,1844
2024-09-17,2577,2591.45,2563.65,2571.84,-5.43,-0.21%,1931
2024-09-16,2576.65,2606.1,2572.47,2577.27,0.12,0.00%,1906
2024-09-13,2508.32,2590.54,2507.96,2577.15,68.71,+2.74%,1856
2024-09-12,2409.39,2509.25,2399.99,2508.44,98.98,+4.11%,1907
2024-09-11,2384.85,2421.16,2365.39,2409.46,24.58,+1.03%,1912
2024-09-10,2379.88,2394.51,2360.39,2384.88,5.1,+0.21%,1775
2024-09-09,2346.12,2379.8,2331.76,2379.78,34.19,+1.46%,1872
2024-09-06,2420.33,2429.59,2332.63,2345.59,-74.63,-3.08%,1876
2024-09-05,2366.84,2442.86,2366.84,2420.22,53.85,+2.28%,1826
2024-09-04,2354.04,2376.71,2335.24,2366.37,12.24,+0.52%,1880
2024-09-03,2394.71,2396.08,2334.49,2354.13,-40.62,-1.70%,1904
2024-09-02,2421.36,2427.25,2379.75,2394.75,-27.68,-1.14%,1746
2024-08-30,2467.47,2479.99,2411.09,2422.43,-44.81,-1.82%,1896
2024-08-29,2447.22,2484.43,2446.85,2467.24,19.84,+0.81%,1895
2024-08-28,2515.96,2524.12,2447.4,2447.4,-68.65,-2.73%,1870
2024-08-27,2509.01,2524.45,2502.94,2516.05,6.92,+0.28%,1965
2024-08-26,2500.3,2529.49,2487.87,2509.13,8.76,+0.35%,1875
2024-08-23,2432.05,2502.5,2430.5,2500.37,68.31,+2.81%,1895
2024-08-22,2481.79,2486.84,2422.29,2432.06,-49.84,-2.01%,1840
2024-08-21,2466.58,2490.09,2461.9,2481.9,15.34,+0.62%,1901
2024-08-20,2467.66,2499.58,2453.03,2466.56,-0.82,-0.03%,1875
2024-08-19,2433.62,2467.51,2416.12,2467.38,36.38,+1.50%,1854
2024-08-16,2380.76,2431.34,2359.38,2431,49.57,+2.08%,1875
2024-08-15,2314.87,2391.45,2311.16,2381.43,66.47,+2.87%,1878
2024-08-14,2337.21,2348.34,2290.51,2314.96,-22.15,-0.95%,1830
2024-08-13,2347.17,2349.93,2316.04,2337.11,-10.2,-0.43%,1882
2024-08-12,2305,2351.5,2289.5,2347.31,41.69,+1.81%,1907
2024-08-09,2311.72,2324.88,2297.73,2305.62,-6.58,-0.28%,1854
2024-08-08,2233.26,2314.29,2227.89,2312.2,78.19,+3.50%,1779
2024-08-07,2262.36,2286.81,2233.97,2234.01,-28.04,-1.24%,1761
2024-08-06,2287.59,2307.66,2244.95,2262.05,-25.26,-1.10%,1747
2024-08-05,2392.65,2400.24,2239.72,2287.31,-104.7,-4.38%,1657
2024-08-02,2385.24,2435.65,2355.24,2392.01,7.24,+0.30%,1765
2024-08-01,2427.87,2436.18,2366.87,2384.77,-42.75,-1.76%,1753
2024-07-31,2377.25,2428.71,2371.05,2427.52,50.26,+2.11%,1856
2024-07-30,2333.51,2377.4,2318.78,2377.26,43.82,+1.88%,1890
2024-07-29,2337.95,2358.48,2299.21,2333.44,-4.16,-0.18%,1848
2024-07-26,2330.84,2344.26,2312.57,2337.6,6.94,+0.30%,1825
2024-07-25,2421.05,2423.36,2307.71,2330.66,-90.48,-3.74%,1739
2024-07-24,2446.53,2460.94,2421.14,2421.14,-25.5,-1.04%,1850
2024-07-23,2437.09,2446.82,2406.11,2446.64,9.67,+0.40%,1895
2024-07-22,2446.5,2462.62,2411.73,2436.97,-8.73,-0.36%,1870
2024-07-19,2495.7,2495.7,2421.67,2445.7,-50.12,-2.01%,1498
2024-07-18,2534.55,2557.55,2491.38,2495.82,-38.85,-1.53%,1879
2024-07-17,2611.8,2620.3,2519.52,2534.67,-77.37,-2.96%,1830
2024-07-16,2564.06,2618.27,2556.09,2612.04,47.97,+1.87%,1929
2024-07-15,2571.61,2592.06,2553.71,2564.07,-7.38,-0.29%,1872
2024-07-12,2624.17,2624.44,2552.1,2571.45,-52.56,-2.00%,1876
2024-07-11,2573.61,2640.25,2572.48,2624.01,50.47,+1.96%,1979
2024-07-10,2571.17,2596.05,2564.9,2573.54,1.72,+0.07%,1930
2024-07-09,2567.99,2597.46,2555.52,2571.82,5.58,+0.22%,1902
2024-07-08,2606.19,2614.34,2551.18,2566.24,-39.34,-1.51%,1887
2024-07-05,2538.59,2626.56,2535.1,2605.58,66.87,+2.63%,1892
2024-07-04,2546.49,2551.05,2527.27,2538.71,-7.72,-0.30%,1790
2024-07-03,2464.76,2554.05,2464.76,2546.43,81.64,+3.31%,1685
2024-07-02,2457.6,2479.14,2441.99,2464.79,7.28,+0.30%,1982
2024-07-01,2429.42,2457.68,2419.61,2457.51,28.26,+1.16%,1892
2024-06-28,2418.5,2462.69,2406.83,2429.25,10.47,+0.43%,1882
2024-06-27,2404.36,2433.4,2398.01,2418.78,14.25,+0.59%,1938
2024-06-26,2411.34,2426.78,2394.65,2404.53,-6.75,-0.28%,1912
2024-06-25,2467.98,2472.8,2407.71,2411.28,-56.43,-2.29%,1903
2024-06-24,2469.16,2479.93,2453.83,2467.71,-0.71,-0.03%,1925
2024-06-21,2569.51,2577.07,2464.8,2468.42,-101.05,-3.93%,1905
2024-06-20,2482.57,2573.59,2479.56,2569.47,86.15,+3.47%,1848
2024-06-19,2462.57,2483.34,2451.62,2483.32,20.76,+0.84%,1696
2024-06-18,2460.24,2474.98,2423.71,2462.56,2.45,+0.10%,1877
2024-06-17,2469.37,2469.47,2428.07,2460.11,-10.32,-0.42%,1893
2024-06-14,2419.37,2470.6,2414.26,2470.43,50.96,+2.11%,1854
2024-06-13,2480.88,2480.88,2402.21,2419.47,-61.72,-2.49%,1805
2024-06-12,2447.21,2516.26,2443.53,2481.19,34.12,+1.39%,1854
2024-06-11,2482.64,2488.44,2432.09,2447.07,-34.64,-1.40%,1836
2024-06-10,2438.13,2488.04,2437.88,2481.71,45.6,+1.87%,1834
2024-06-07,2613.06,2628.53,2436.02,2436.11,-176.52,-6.76%,1737
2024-06-06,2502.02,2613.66,2500.78,2612.63,110.98,+4.44%,1846
2024-06-05,2466.9,2504.16,2456.6,2501.65,34.93,+1.42%,1861
2024-06-04,2550.99,2563.94,2461.28,2466.72,-83.66,-3.28%,1751
2024-06-03,2538.21,2552.54,2487.87,2550.38,13.12,+0.52%,1770
2024-05-31,2596.05,2634.45,2522.98,2537.26,-58.47,-2.25%,1771
2024-05-30,2664.03,2670.69,2590.51,2595.73,-68.12,-2.56%,1770
2024-05-29,2669.22,2686.09,2647.89,2663.85,-5.14,-0.19%,1796
2024-05-28,2633.22,2668.99,2609.27,2668.99,35.56,+1.35%,1804
2024-05-27,2521.83,2645.11,2521.83,2633.43,112.09,+4.45%,1675
2024-05-24,2509.09,2542.86,2506.23,2521.34,12.43,+0.50%,1819
2024-05-23,2565.82,2577.41,2506.03,2508.91,-56.76,-2.21%,1698
2024-05-22,2666.04,2677.78,2565.67,2565.67,-100.39,-3.77%,1776
2024-05-21,2647.49,2692.52,2608.38,2666.06,19.17,+0.72%,1714
2024-05-20,2622.7,2694.44,2594.89,2646.89,27.57,+1.05%,1638
2024-05-17,2469.73,2627.08,2462.32,2619.32,149.69,+6.06%,1818
2024-05-16,2475.97,2485.22,2457.12,2469.63,-6.4,-0.26%,1820
2024-05-15,2389.05,2479.48,2378.45,2476.03,87.05,+3.64%,1863
2024-05-14,2355.74,2388.98,2355.73,2388.98,33.08,+1.40%,1914
2024-05-13,2353.64,2367.24,2340.93,2355.9,1.14,+0.05%,1890
2024-05-10,2363.9,2398.67,2349.05,2354.76,-9.05,-0.38%,1836
2024-05-09,2281.44,2363.97,2278.39,2363.81,82.4,+3.61%,1936
2024-05-08,2274.06,2291.77,2259.86,2281.41,7.24,+0.32%,1962
2024-05-07,2290.82,2293.21,2271.87,2274.17,-16.64,-0.73%,1931
2024-05-06,2214.3,2292.32,2205.67,2290.81,76.1,+3.44%,1854
2024-05-03,2223.11,2228.71,2187.43,2214.71,-7.84,-0.35%,1889
2024-05-02,2222.38,2235.79,2176.83,2222.55,0.28,+0.01%,1805
2024-05-01,2194.8,2239.21,2194.67,2222.27,27.36,+1.25%,1851
2024-04-30,2265.33,2265.33,2194.27,2194.91,-70.74,-3.12%,1837
2024-04-29,2269.98,2288.01,2258.61,2265.65,-3.51,-0.15%,1838
2024-04-26,2283.86,2309.63,2265.05,2269.16,-14.26,-0.62%,1903
2024-04-25,2263.37,2289.81,2252.78,2283.42,20.14,+0.89%,1885
2024-04-24,2274.36,2286.69,2257.4,2263.28,-11.27,-0.50%,1878
2024-04-23,2267.94,2277.73,2226.18,2274.55,6.65,+0.29%,1825
2024-04-22,2391.86,2391.86,2263.52,2267.9,-122.2,-5.11%,1803
2024-04-19,2359.43,2403.26,2353.06,2390.1,30.59,+1.30%,1772
2024-04-18,2359.38,2387.36,2355.64,2359.51,-0.12,-0.01%,1820
2024-04-17,2353.04,2405.23,2352.08,2359.63,6.47,+0.27%,1795
2024-04-16,2409.71,2419.61,2346.67,2353.16,-56.44,-2.34%,1751
2024-04-15,2330.96,2410.8,2330.96,2409.6,72.25,+3.09%,1706
2024-04-12,2372.51,2477.15,2337.35,2337.35,-35.46,-1.49%,1702
2024-04-11,2326.17,2373.81,2320.7,2372.81,47.03,+2.02%,1832
2024-04-10,2343.68,2366.71,2311.07,2325.78,-18.05,-0.77%,1655
2024-04-09,2318.91,2351.03,2307.88,2343.83,25.07,+1.08%,1772
2024-04-08,2289.25,2329.21,2248.86,2318.76,31.11,+1.36%,1740
2024-04-05,2244.64,2287.65,2202.95,2287.65,43.53,+1.94%,1756
2024-04-04,2265.59,2273.7,2237.69,2244.12,-20.9,-0.92%,1806
2024-04-03,2178.47,2265.02,2178.47,2265.02,86.81,+3.99%,1779
2024-04-02,2090.09,2178.25,2090.09,2178.21,88.57,+4.24%,1842
2024-04-01,2081.84,2109.88,2071.03,2089.64,10.55,+0.51%,1843
2024-03-29,2079.09,2079.09,2079.09,2079.09,0.16,+0.01%,1
2024-03-28,2054.15,2078.93,2036.18,2078.93,24.47,+1.19%,1895
2024-03-27,2036.44,2054.46,2031.03,2054.46,18.24,+0.90%,1987
2024-03-26,2057.75,2069.36,2034.35,2036.22,-21.54,-1.05%,1944
2024-03-25,2065.14,2073.4,2052.14,2057.76,-5.71,-0.28%,1932
2024-03-22,2059.07,2079.22,2037.98,2063.47,4.44,+0.22%,1925
2024-03-21,2124.75,2137.58,2057.92,2059.03,-65.36,-3.08%,1856
2024-03-20,2069.4,2125.8,2062.4,2124.39,56.21,+2.72%,1937
2024-03-19,2076.38,2085.04,2059.24,2068.18,-8.08,-0.39%,1985
2024-03-18,2087.82,2095.96,2071.37,2076.26,-11.26,-0.54%,1993
2024-03-15,2058.69,2104.79,2058.04,2087.52,28.93,+1.41%,1904
2024-03-14,2071.77,2080.35,2057.38,2058.59,-13.23,-0.64%,1946
2024-03-13,1998.53,2071.82,1995.46,2071.82,73.34,+3.67%,1975
2024-03-12,2025.13,2029.63,1994.72,1998.48,-26.46,-1.31%,1970
2024-03-11,2022.35,2027.89,2007.14,2024.94,12.72,+0.63%,1667
2024-03-08,2012.15,2030.35,2007.45,2012.22,0.18,+0.01%,1930
2024-03-07,2001.38,2023.58,1989.35,2012.04,10.54,+0.53%,1938
2024-03-06,1962.53,2010.79,1956.51,2001.5,38.52,+1.96%,1967
2024-03-05,1981.59,1998.04,1962.93,1962.98,-18.58,-0.94%,1942
2024-03-04,1916.4,1984.51,1908.9,1981.56,63.76,+3.32%,2069
2024-03-01,1879.27,1926.63,1867.44,1917.8,38.74,+2.06%,2067
2024-02-29,1862.47,1885,1851.92,1879.06,17.1,+0.92%,2156
2024-02-28,1862.15,1865.08,1848.93,1861.96,-0.56,-0.03%,2138
2024-02-27,1866.33,1881.02,1862.52,1862.52,-3.6,-0.19%,2146
2024-02-26,1902.19,1902.19,1861.11,1866.12,-35.6,-1.87%,2112
2024-02-23,1885.24,1905.31,1872.31,1901.72,16.47,+0.87%,2089
2024-02-22,1897.43,1918.43,1885.09,1885.25,-11.61,-0.61%,2097
2024-02-21,1905.88,1920.85,1890.96,1896.86,-8.76,-0.46%,2102
2024-02-20,1908.41,1919.89,1902.52,1905.62,-2.83,-0.15%,2146
2024-02-19,1944.12,1945.34,1905.87,1908.45,-35.48,-1.83%,1912
2024-02-16,1902.82,1949.93,1900.59,1943.93,41.36,+2.17%,2105
2024-02-15,1857.38,1909.94,1857.25,1902.57,45.32,+2.44%,2105
2024-02-14,1837.07,1860.04,1823.89,1857.25,21.24,+1.16%,2040
2024-02-13,1883.1,1903.4,1829.22,1836.01,-47.02,-2.50%,2118
2024-02-12,1877.01,1912.05,1874.75,1883.03,6.13,+0.33%,2109
2024-02-09,1874.01,1883.58,1859.15,1876.9,2.92,+0.16%,2128
2024-02-08,1843.21,1876.01,1840.08,1873.98,30.67,+1.66%,2131
2024-02-07,1863.17,1863.36,1842.48,1843.31,-19.72,-1.06%,2075
2024-02-06,1856.45,1865.32,1850.04,1863.03,6.42,+0.35%,2097
2024-02-05,1883.06,1884.17,1851.21,1856.61,-25.89,-1.38%,2018
2024-02-02,1922.08,1926.53,1867.03,1882.5,-39.29,-2.04%,2028
2024-02-01,1905.07,1926.48,1871.82,1921.79,17.08,+0.90%,1973
2024-01-31,1925.1,1933.56,1896.15,1904.71,-20.5,-1.06%,1997
2024-01-30,1929.09,1932.74,1912.58,1925.21,-3.26,-0.17%,2075
2024-01-29,1895.21,1928.47,1895.21,1928.47,33.56,+1.77%,2018
2024-01-26,1904.76,1908.65,1890.49,1894.91,-9.8,-0.51%,2093
2024-01-25,1884.57,1909.17,1883.42,1904.71,20.53,+1.09%,1991
2024-01-24,1866.17,1903,1859.04,1884.18,18.42,+0.99%,2051
2024-01-23,1836.67,1867.13,1834.4,1865.76,30.17,+1.64%,2044
2024-01-22,1879.95,1879.95,1826.24,1835.59,-43.33,-2.31%,2006
2024-01-19,1891.47,1897.31,1870.21,1878.92,-12.72,-0.67%,2082
2024-01-18,1875.92,1892.45,1867.77,1891.64,15.96,+0.85%,2039
2024-01-17,1903.94,1903.97,1873.6,1875.68,-28.05,-1.47%,2020
2024-01-16,1922.72,1923.63,1901.82,1903.73,-18.91,-0.98%,1986
2024-01-15,1922.27,1931.2,1916.51,1922.64,1.71,+0.09%,1832
2024-01-12,1890.08,1945.57,1890.08,1920.93,30.96,+1.64%,2009
2024-01-11,1900.43,1917.16,1871.14,1889.97,-9.88,-0.52%,2031
2024-01-10,1909.62,1915.37,1893.57,1899.85,-9.55,-0.50%,2039
2024-01-09,1918.81,1929.66,1903.67,1909.4,-9.52,-0.50%,2062
2024-01-08,1929.13,1929.13,1900.56,1918.92,-7.65,-0.40%,2022
2024-01-05,1915.81,1945.54,1908.72,1926.57,10.45,+0.55%,1965
2024-01-04,1915.05,1918.24,1895.91,1916.12,1.18,+0.06%,2052
2024-01-03,1969.55,1975.03,1906.29,1914.94,-54.65,-2.77%,1969
2024-01-02,1980.99,2006.82,1968.58,1969.59,-11.19,-0.56%,1982
2024-01-01,1980.78,1980.78,1980.78,1980.78,1.39,+0.07%,1
2023-12-29,1993.85,1994.15,1962.89,1979.39,-14.92,-0.75%,2047
2023-12-28,2021.86,2037.03,1994.29,1994.31,-27.64,-1.37%,1969
2023-12-27,2016.53,2031.68,1999.17,2021.95,5.49,+0.27%,2002
2023-12-26,2009.64,2029.37,2007.08,2016.46,3.85,+0.19%,2106
2023-12-25,2012.61,2012.61,2012.61,2012.61,-0.28,-0.01%,1
2023-12-22,2031.2,2040.8,2006.81,2012.89,-17.5,-0.86%,1908
2023-12-21,2008.84,2030.39,2008.84,2030.39,23.21,+1.16%,1976
2023-12-20,1999.65,2025.04,1994.62,2007.18,7.92,+0.40%,1989
2023-12-19,1979.09,2006.68,1978.04,1999.26,20,+1.01%,2064
2023-12-18,1982.76,1996.07,1969.61,1979.26,-0.31,-0.02%,2039
2023-12-15,2013.01,2014.46,1975.53,1979.57,-33.08,-1.64%,1907
2023-12-14,1980.92,2015.56,1980.36,2012.65,31.71,+1.60%,1804
2023-12-13,1898.92,1980.94,1878.54,1980.94,82.1,+4.32%,1980
2023-12-12,1902.51,1921.39,1894.66,1898.84,-3.67,-0.19%,2053
2023-12-11,1919.85,1924.63,1896.26,1902.51,-17.17,-0.89%,2007
2023-12-08,1984.97,1990.08,1916.59,1919.68,-65.72,-3.31%,1940
2023-12-07,1992.41,2001.07,1970.94,1985.4,-6.98,-0.35%,1983
2023-12-06,2013.03,2026.16,1992.02,1992.38,-20.13,-1.00%,1957
2023-12-05,2044.72,2053.27,2001.61,2012.51,-32.29,-1.58%,1866
2023-12-04,2120.83,2143.93,2041,2044.8,-73.45,-3.47%,1776
2023-12-01,2106.15,2120.93,2093.85,2118.25,11.45,+0.54%,1907
2023-11-30,2085.56,2107.42,2079.77,2106.8,21,+1.01%,1954
2023-11-29,2087.92,2098.05,2073.92,2085.8,-0.45,-0.02%,1892
2023-11-28,2054.64,2086.25,2049.6,2086.25,32.13,+1.56%,1962
2023-11-27,2026.76,2068.45,2025.48,2054.12,26.98,+1.33%,1918
2023-11-24,1973.68,2027.14,1967.64,2027.14,53.6,+2.72%,1789
2023-11-23,1969.27,1979.99,1965.3,1973.54,5.04,+0.26%,1842
2023-11-22,1978.98,1990.88,1964.77,1968.5,-10.46,-0.53%,1981
2023-11-21,1952.7,1995.87,1952.67,1978.96,27.12,+1.39%,1907
2023-11-20,1976.18,1979.8,1944.97,1951.84,-23.36,-1.18%,1923
2023-11-17,1974.77,2008.57,1972.63,1975.2,1.04,+0.05%,1989
2023-11-16,1950.18,1997.42,1939.54,1974.16,24.24,+1.24%,2013
2023-11-15,1915.66,1952.94,1913.75,1949.92,34.43,+1.80%,1965
2023-11-14,1857.65,1919.92,1856.69,1915.49,58.98,+3.18%,2055
2023-11-13,1854.57,1860.54,1828.82,1856.51,3.17,+0.17%,2022
2023-11-10,1886.24,1892.92,1850.7,1853.34,-32.98,-1.75%,2026
2023-11-09,1876.97,1911.33,1864.57,1886.32,9.51,+0.51%,2013
2023-11-08,1883.56,1896.22,1859.63,1876.81,-6.7,-0.36%,2024
2023-11-07,1916.53,1918.63,1871.29,1883.51,-32.92,-1.72%,2004
2023-11-06,1930.66,1933.1,1915.75,1916.43,-13.17,-0.68%,1999
2023-11-03,1895.81,1932.1,1882.48,1929.6,34.63,+1.83%,2068
2023-11-02,1908.12,1922.95,1890.66,1894.97,-11.06,-0.58%,2004
2023-11-01,1904.47,1910.89,1880.14,1906.03,1.58,+0.08%,1970
2023-10-31,1941.88,1942.25,1896.78,1904.45,-37.39,-1.93%,1982
2023-10-30,1928.24,1961.04,1920.12,1941.84,15.78,+0.82%,1998
2023-10-27,1899.6,1926.06,1888.82,1926.06,26.32,+1.39%,1978
"Downloaded from Barchart.com as of 10-24-2025 03:30am CDT"
